{
  "data": {
    "Practical applications of neural_compression inclu": [
      [
        -15.1080904006958,
        -15.661116600036621,
        -3.5375804901123047,
        -43.167633056640625,
        24.906003952026367
      ]
    ],
    "Modern applications of neural_compression include ": [
      [
        -32.431819915771484,
        -34.22330093383789,
        -7.785860538482666,
        -93.82837677001953,
        54.2457160949707
      ]
    ],
    "The history of neural_compression dates back to ea": [
      [
        -14.695622444152832,
        -15.219159126281738,
        -3.4364306926727295,
        -41.96142578125,
        24.207435607910156
      ]
    ],
    "Neural_Compression is a field of study that deals ": [
      [
        -27.894662857055664,
        -29.36178207397461,
        -6.673215389251709,
        -80.56009674072266,
        46.5615119934082
      ]
    ],
    "The fundamental principles of neural_compression a": [
      [
        -15.520563125610352,
        -16.10307502746582,
        -3.638728380203247,
        -44.373844146728516,
        25.60456657409668
      ]
    ],
    "Advanced techniques in neural_compression involve ": [
      [
        -15.520563125610352,
        -16.10307502746582,
        -3.638728380203247,
        -44.373844146728516,
        25.60456657409668
      ]
    ],
    "Key concepts in neural_compression involve optimiz": [
      [
        -34.081703186035156,
        -35.99113845825195,
        -8.190460205078125,
        -98.65320587158203,
        57.03998947143555
      ]
    ]
  },
  "scores": [
    80,
    80,
    80,
    80,
    80,
    80
  ],
  "timestamp": 1759989244.8585677,
  "instance_id": "viren_neural_compression_standard_standard_1759989244",
  "turbo_mode": "standard",
  "cycle_type": "standard"
}