{
  "data": {
    "New training data": [
      [
        10.19002628326416,
        -4.233251094818115,
        -7.5474138259887695,
        -5.569442272186279,
        -3.1798229217529297
      ]
    ]
  },
  "scores": [
    80,
    80,
    80
  ],
  "timestamp": 1759970381.3158603,
  "instance_id": "viren_live_cycle_0_1759970381"
}