{
  "data": {
    "Neural Networks is a field of study that deals wit": [
      [
        0.01979634165763855,
        -0.055301908403635025,
        -0.1675306260585785,
        -0.5053118467330933,
        -0.1128411740064621
      ]
    ],
    "The history of neural networks dates back to early": [
      [
        -0.3586331903934479,
        0.5080317258834839,
        -1.1381251811981201,
        -1.1311557292938232,
        -0.09492912143468857
      ]
    ],
    "Key concepts in neural networks involve optimizati": [
      [
        0.008499979972839355,
        -0.03848603367805481,
        -0.19650350511074066,
        -0.5239936709403992,
        -0.11230647563934326
      ]
    ],
    "The fundamental principles of neural networks are ": [
      [
        0.05933377891778946,
        -0.11415769159793854,
        -0.06612515449523926,
        -0.4399251341819763,
        -0.11471257358789444
      ]
    ],
    "Modern applications of neural networks include mac": [
      [
        -0.1778906136751175,
        0.23897665739059448,
        -0.6745573878288269,
        -0.8322450518608093,
        -0.1034841313958168
      ]
    ],
    "Practical applications of neural networks include ": [
      [
        0.11581581830978394,
        -0.1982373595237732,
        0.07873978465795517,
        -0.3465155363082886,
        -0.11738600581884384
      ]
    ]
  },
  "scores": [
    50,
    50,
    50
  ],
  "timestamp": 1759988851.796125,
  "instance_id": "viren_neural networks_turbo_quick_1759988851",
  "turbo_mode": "turbo",
  "cycle_type": "quick"
}