{
  "data": {
    "Training data for architectural_awareness best practices": [
      [
        -70.38826751708984,
        -14.718985557556152,
        -5.841993808746338,
        12.621230125427246,
        37.0164909362793
      ]
    ]
  },
  "scores": [
    80,
    80,
    80
  ],
  "timestamp": 1759978699.0208762,
  "instance_id": "viren_architectural_awareness_1759978699"
}