{
  "data": {
    "New training data": [
      [
        -8.55921459197998,
        9.135168075561523,
        9.149255752563477,
        25.848249435424805,
        -1.9380820989608765
      ]
    ]
  },
  "scores": [
    80,
    80,
    80
  ],
  "timestamp": 1759973447.9819672,
  "instance_id": "viren_live_cycle_0_1759973447"
}