{
  "data": {
    "Training data for system_optimization best practices": [
      [
        -6.816859722137451,
        7.2882819175720215,
        7.243194580078125,
        20.489410400390625,
        -1.535144567489624
      ]
    ]
  },
  "scores": [
    80,
    80,
    80
  ],
  "timestamp": 1759973444.9792786,
  "instance_id": "viren_system_optimization_1759973444"
}