{
  "data": {
    "New training data": [
      [
        -40.84901428222656,
        -8.527524948120117,
        -3.4574344158172607,
        7.410130977630615,
        21.31663703918457
      ]
    ]
  },
  "scores": [
    80,
    80,
    80
  ],
  "timestamp": 1759978700.0218375,
  "instance_id": "viren_live_cycle_0_1759978700"
}